use SportDB;
/*Create Inserts for all the new elements, such as games, fans and tournaments*/
/*Person --> DNI, First Name, Last Name, Birth date, Gender, Country*/
INSERT INTO Person (
  dni, first_name, last_name, birth_date, gender, country
) 
VALUES 
  (
    '43511241J', 'Zinedine', 'Zidane', 
    '1971-05-20', 'Male', "ESP"
  );
INSERT INTO Person (
   dni, first_name, last_name, birth_date, gender, country

) 
VALUES 
  (
    '45555141H', 'Ernesto', 'Valverde', 
    '1971-11-15', 'Male', "POR"
  );
INSERT INTO Person (
   dni, first_name, last_name, birth_date, gender, country

) 
VALUES 
  (
    '51243524S', 'Pablo', 'Laso', '1966-04-20', 
    'Male',"ESP"
  );
INSERT INTO Person (
   dni, first_name, last_name, birth_date, gender, country

) 
VALUES 
  (
    '55151543G', 'Matia', 'Binnoto', '1977-11-15', 
    'Female', "ITA"
  );
INSERT INTO Person (
   dni, first_name, last_name, birth_date, gender, country

)  
VALUES 
  (
    '41524254B', 'Tiger', 'Woods', '1969-07-02', 
    'Male', "USA"
  );
INSERT INTO Person (
   dni, first_name, last_name, birth_date, gender, country

) 
VALUES 
  (
    '40284753G', 'Pep', 'Guardiola', '1975-08-27', 
    'Male', "ESP"
  );
INSERT INTO Person (
   dni, first_name, last_name, birth_date, gender, country

) 
VALUES 
  (
    '45256585C', 'Enric', 'Mas', '1996-11-12', 
    'Male', "ESP"
  );
INSERT INTO Person (
   dni, first_name, last_name, birth_date, gender, country

) 
VALUES 
  (
    '48562457J', 'Lewis', 'Hamilton', 
    '1985-1-7', 'Male', 'ESP'
  );
INSERT INTO Person (
   dni, first_name, last_name, birth_date, gender, country

) 
VALUES 
  (
    '41214124M', 'José', 'Mourinho', 
    '1963-1-26', 'Male', 'ESP'
  );
INSERT INTO Person (
   dni, first_name, last_name, birth_date, gender, country

) 
VALUES 
  (
    '45121535Q', 'Aritz', 'Lopez', '1979-4-10', 
    'Female', 'CHN'
  );
  INSERT INTO Person (
  dni, first_name, last_name, birth_date, gender, country
) 
VALUES 
  (
    '87451551N', 'Mariano', 'Rajoy', 
    '1970-10-10', 'Male', "ESP"
  );
  INSERT INTO Person (
  dni, first_name, last_name, birth_date, gender, country
) 
VALUES 
  (
    '45464584U', 'Aitor', 'Lopez', 
    '1992-2-14', 'Male', 'ARG'
  );
  INSERT INTO Person (
  dni, first_name, last_name, birth_date, gender, country
) 
VALUES 
  (
    '08208287R', 'Lucia', 'Soler', 
    '1983-1-20', 'Female', 'ESP'
  );
  INSERT INTO Person (
  dni, first_name, last_name, birth_date, gender, country
) 
VALUES 
  (
    '99886587W', 'Maria', 'Pilar', 
    '1990-12-12', 'Female', 'PAR'
  );
  INSERT INTO Person (
  dni, first_name, last_name, birth_date, gender, country
) 
VALUES 
  (
    '27345373Y', 'Sonia', 'Perona', 
    '1991-11-11', 'Female', 'FRA'
  );
  INSERT INTO Person (
  dni, first_name, last_name, birth_date, gender, country
) 
VALUES 
  (
    '70525494L', 'Juan', 'Miñano', 
    '1979-4-12', 'Male', 'POR'
  );
  INSERT INTO Person (
  dni, first_name, last_name, birth_date, gender, country
) 
VALUES 
  (
    '98178946L', 'Vicente', 'Ferrero', 
    '1999-5-30', 'Male', 'ITA'
  );
  INSERT INTO Person (
  dni, first_name, last_name, birth_date, gender, country
) 
VALUES 
  (
    '42253641L', 'Alba', 'Cerda', 
    '1968-5-5', 'Female', 'PRA'
  );
    INSERT INTO Person (
  dni, first_name, last_name, birth_date, gender, country
) 
VALUES 
  (
    '40439219K', 'Encarnación', 'Feliz', 
    '1978-3-29', 'Female', 'ESP'
  );
      INSERT INTO Person (
  dni, first_name, last_name, birth_date, gender, country
) 
VALUES 
  (
    '28514849R', 'Manuela', 'Carmela', 
    '1988-12-1', 'Female', 'ESP'
  );
      INSERT INTO Person (
  dni, first_name, last_name, birth_date, gender, country
) 
VALUES 
  (
    '99974031T', 'Maria', 'Concepcion', 
    '1950-5-23', 'Female', 'ECU'
  );
      INSERT INTO Person (
  dni, first_name, last_name, birth_date, gender, country
) 
VALUES 
  (
    '29063878C', 'Alvaro', 'Catalan', 
    '1954-11-11', 'Male', 'ESP'
  );
      INSERT INTO Person (
  dni, first_name, last_name, birth_date, gender, country
) 
VALUES 
  (
    '94997345P', 'Ricardo', 'Nieves', 
    '1970-2-3', 'Male', 'URU'
  );
 /*------------------------------------------------------------------------*/ 
        INSERT INTO Person (
  dni, first_name, last_name, birth_date, gender, country
) 
VALUES 
  (
    '49865742P', 'Cata', 'Plines', 
    '1976-5-13', 'Male', 'CHI'
  );
          INSERT INTO Person (
  dni, first_name, last_name, birth_date, gender, country
) 
VALUES 
  (
    '46325698K', 'Misco', 'Jones', 
    '1964-8-18', 'Male', 'EEUU'
  );
           INSERT INTO Person (
  dni, first_name, last_name, birth_date, gender, country
) 
VALUES 
  (
    '79564862I', 'Tomi', 'Navo', 
    '1969-11-20', 'Male', 'ESP'
  );
  
/*Stadium --->*/
INSERT INTO Stadium(stadium_name, capacity, location) 
VALUES 
  (
    "Iberostar Stadium", 67000, "Mallorca"
  );
INSERT INTO Stadium(stadium_name, capacity, location) 
VALUES 
  (
    "Santiago Bernabeu", 97000, "Madrid"
  );
INSERT INTO Stadium(stadium_name, capacity, location) 
VALUES 
  (
    "Madison Square Garden", 45000, "New York"
  );
INSERT INTO Stadium(stadium_name, capacity, location) 
VALUES 
  (
    "Pista Tenis por defecto", 2, "Madrid"
  );
INSERT INTO Stadium(stadium_name, capacity, location) 
VALUES 
  (
    "Alguna perdida por el monte", 10000, 
    "Milan"
  );
  
  /*Staff --> DNI, Discipline, Job (   
	'Medical', 'Mechanic', 'Trainer', 
    'Physiotherapist', 'Security', 'Referee', 
    'Commentator', 'Ticket Booth Manager', 
    'Ball Boy/Gal/They'
    )*/
  insert into Staff (
	DNI, Discipline, Job
  ) values
  (
	'43511241J','Football','Trainer'
    
  );
   insert into Staff (
	DNI, Discipline, Job
  ) values
  (
	'45555141H','Basketball','Medical'
  );
   insert into Staff (
	DNI, Discipline, Job
  ) values
  (
	'45555141H','Football','Medical'
  );
   insert into Staff (
	DNI, Discipline, Job
  ) values
  (
	'51243524S','MotoGP','Mechanic'
  );
   insert into Staff (
	DNI, Discipline, Job
  ) values
  (
	'55151543G','Petanca','Security'
  );
   insert into Staff (
	DNI, Discipline, Job
  ) values
  (
	'41524254B','Tennis','Ball Boy/Gal/They'
  );
   insert into Staff (
	DNI, Discipline, Job
  ) values
  (
	'45256585C','Football','Commentator'
  );
   insert into Staff (
	DNI, Discipline, Job
  ) values
  (
	'48562457J','Ping Pong','Physiotherapist'
  );
   insert into Staff (
	DNI, Discipline, Job
  ) values
  (
	'41214124M','Golf','Referee'
  );
  insert into Staff (
	DNI, Discipline, Job
  ) values
  (
	'45121535Q','Petanca','Ticket Booth Manager'
  );
  insert into Staff (
	DNI, Discipline, Job
  ) values
  (
	'49865742P','Football','Trainer'
  );
  insert into Staff (
	DNI, Discipline, Job
  ) values
  (
	'99974031T','Petanca','Trainer'
  );
  insert into Staff (
	DNI, Discipline, Job
  ) values
  (
	'29063878C','Basketball','Trainer'
  );
  insert into Staff (
	DNI, Discipline, Job
  ) values
  (
	'94997345P','Tennis','Trainer'
  );
/*------------------------------------------------------------------*/
 insert into Staff (
	DNI, Discipline, Job
  ) values
  (
	'49865742P','Petanca','Trainer'
  );
  insert into Staff (
	DNI, Discipline, Job
  ) values
  (
	'46325698K','Basketball','Trainer'
  );
    insert into Staff (
	DNI, Discipline, Job
  ) values
  (
	'79564862I','Tennis','Trainer'
  );
  
/*Team ---> Team_code,Team_name,discipline,number_players,trainer_DNI*/
insert into Team(
  Team_name, discipline, number_players, trainer_DNI
) 
values 
  (
    'Betis_CF', 'Football', 18,  '43511241J'
  ); 
  insert into Team(
  Team_name, discipline, number_players, trainer_DNI
) 
values 
  (
    'FC_Barcelona', 'Football', 24,  '49865742P'
  );/*1*/
  
  insert into Team(
  Team_name, discipline, number_players, trainer_DNI
) 
values 
  (
    'Seleccion_Portuguesa', 'Petanca', 1,  '99974031T'
  );
    insert into Team(
  Team_name, discipline, number_players, trainer_DNI
) 
values 
  (
    'Seleccion_Española', 'Petanca', 1,  '49865742P'
  ); /*1*/
  
  insert into Team(
  Team_name, discipline, number_players, trainer_DNI
) 
values 
  (
    'Barcelona', 'Basketball', 11,  '29063878C'
  );
  
    insert into Team(
  Team_name, discipline, number_players, trainer_DNI
) 
values 
  (
    'Madrir', 'Basketball', 14,  '46325698K'
  );  /*1*/
  
  insert into Team(
  Team_name, discipline, number_players, trainer_DNI
) 
values 
  (
    'Federacion Española de Tennis', 'Tennis', 1,  '94997345P'
  );
  insert into Team(
  Team_name, discipline, number_players, trainer_DNI
) 
values 
  (
    'Federacion Francesa de Tennis', 'Tennis', 1,  '79564862I'
  ); /*1*/
  
/* Sportman ---> dni,player_number,score,team_code */
insert into Sportman (
	DNI,
  player_number, 
  score, team_code, discipline
) 
values 
  (
    '40284753G', 3, 0, 1 ,'Football'
  );
  insert into Sportman (
	DNI,
  player_number, 
  score, team_code, discipline
) 
values 
  (
    '40284753G', 1, 20, 1 ,'Handball'
  );
  insert into Sportman (
	DNI,
  player_number, 
  score, team_code, discipline
) 
values 
  (
    '87451551N', 069, 12, 2,'Petanca'
  );
  insert into Sportman (
	DNI,
  player_number, 
  score, team_code, discipline
) 
values 
  (
    '45464584U', 058, 40, 2,'MotoGP'
  );
  insert into Sportman (
	DNI,
  player_number, 
  score, team_code, discipline
) 
values 
  (
    '08208287R', 096, 3, 4,'Ping Pong'
  );
  insert into Sportman (
	DNI,
  player_number, 
  score, team_code, discipline
) 
values 
  (
    '27345373Y', 558, 9, 2,'Petanca'
  );
  insert into Sportman (
	DNI,
  player_number, 
  score, team_code, discipline
) 
values 
  (
    '70525494L', 099, 2, 4,'Tennis'
  );
  insert into Sportman (
	DNI,
  player_number, 
  score, team_code, discipline
) 
values 
  (
    '98178946L', 10, 8, 3,'Basketball'
  );
  insert into Sportman (
	DNI,
  player_number, 
  score, team_code, discipline
) 
values 
  (
    '42253641L', 4, 4, 3,'Basketball'
  );
  insert into Sportman (
	DNI,
  player_number, 
  score, team_code, discipline
) 
values 
  (
    '40439219K', 102, 5, 4,'Tennis'
  );
  insert into Sportman (
	DNI,
  player_number, 
  score, team_code, discipline
) 
values 
  (
    '40439219K', 055, 2, 4,'Ping Pong'
  );
  
    insert into Sportman (
	DNI,
  player_number, 
  score, team_code, discipline
) 
values 
  (
    '40439219K', 088, 15, 1,'Handball'
  );
/* Tounament ---> id_tournament,tournament_name, country */
insert into Tournament(tournament_name, discipline,country) 
values 
  (
    'National_Championship', 'Basketball', 'CHN'
  );
insert into Tournament(tournament_name, discipline,country) 
values 
  (
    'International_Championship', 'Football', 'POR'
  );
insert into Tournament(tournament_name, discipline,country) 
values 
  ('Eurocup', 'Football','ESP');
insert into Tournament(tournament_name, discipline,country) 
values 
  ('Worldcup', 'Football','CHN');
insert into Tournament(tournament_name, discipline,country) 
VALUES 
  ("Liga Santander", "Football",'UGN');
insert into Tournament(tournament_name, discipline,country) 
VALUES 
  ("Le Mans", "Racing",'GER');
insert into Tournament(tournament_name, discipline,country) 
VALUES 
  (
    "Primera Division de Uruguay", "Football","CHN"
  );
  
/* Fan -->  DNI,  contract_date, expiry_date  */
INSERT INTO Fan(DNI, contract_date, expiry_date)
VALUES 
  (
    '40284753G', '1961-8-4','1961-12-4'
  );
  INSERT INTO Fan(DNI, contract_date, expiry_date)
VALUES 
  (
    '94997345P', '2011-12-1','2012-12-1'
  );
  INSERT INTO Fan(DNI, contract_date, expiry_date)
VALUES 
  (
    '29063878C', '2008-5-12','2009-12-12'
  );
  INSERT INTO Fan(DNI, contract_date, expiry_date)
VALUES 
  (
    '99974031T', '1990-1-1','2000-1-1'
  );
  INSERT INTO Fan(DNI, contract_date, expiry_date)
VALUES 
  (
    '28514849R', '2015-12-12','2030-12-12'
  );

/* Game -->  Date of the match, ID of the Stadium, Tournament ID,
 ID of local team, Result of local team, Score of local team,
 ID of guest team, Result of guest team, Score of guest team,
 The possible results are(
    'Winner', 'Loser', 'Tied', 'Other'
  )*/
INSERT INTO Game( 
  date_match, 
  id_stadium , 
  id_tournament , 
  id_local_team , 
  local_score , 
  local_result, 
  id_guest_team , 
  guest_score,
  guest_result 
   )
VALUES 
  (
    "2017-12-12", 2, 1, 1, 3, "Winner",  1, 0, "Loser"
  );
/*Player_Plays_Game --> (DNI,id_tournament,score,penalties,date_match,id_local_team,id_local_team,id_guest_team) */

  INSERT INTO Player_Plays_Game(
      DNI, 
  id_tournament , 
  score , 
  penalties , 
  date_match , 
  id_local_team , 
  id_guest_team 
  )
  VALUES(
  '40284753G','1','3','None','2017-12-12','1','1'
<<<<<<< HEAD
  );
    INSERT INTO Player_Plays_Game(
      DNI, 
  id_tournament , 
  score , 
  penalties , 
  date_match , 
  id_local_team , 
  id_guest_team 
  )
  VALUES(
  '40284753G','1','3','None','2017-12-12','1','1'
  );
=======

  );
  
 
 /* INJURIES ------------------------ */
 INSERT
	INTO
	Injuries(DNI ,
	Injury_Description ,
	Injury_Date )
VALUES ("40284753G",
"Torcedura de pene grado 2",
"2020-02-01");

INSERT
	INTO
	Injuries(DNI ,
	Injury_Description ,
	Injury_Date,
	Injury_Recovery_Date )
VALUES ("40439219K",
"Esguince de bello capilar",
"2018-05-20",
"2019-06-10");

INSERT
	INTO
	Injuries(DNI ,
	Injury_Description ,
	Injury_Date )
VALUES ("42253641L",
"Ma hecho un esguince",
"2020-12-1");

INSERT
	INTO
	Injuries(DNI ,
	Injury_Description ,
	Injury_Date )
VALUES ("98178946L",
"Golpe por Arturo",
"1997-01-01");

INSERT
	INTO
	Injuries(DNI ,
	Injury_Description ,
	Injury_Date )
VALUES ("87451551N",
"Rompedura de A... por Pere",
"2019-10-10");
>>>>>>> 350976b42083aa38e5531f5b58e76e14e5f367d3
